model_id,task,metric,json,openscad,openscad_minus_json,per_format_denominator
gpt6_probe,descriptive,valid,1.0,1.0,0.0,100
gpt6_probe,descriptive,judge,0.9270833333333334,0.9256944444444444,-0.001388888888888995,100
gpt6_probe,descriptive,qa_s,0.9775,0.9925,0.015000000000000013,100
gpt6_probe,descriptive,jsem_normalized,0.8766666666666667,0.8588888888888888,-0.017777777777777892,100
gpt6_probe,parametric,valid,1.0,1.0,0.0,100
gpt6_probe,parametric,judge,0.9108333333333333,0.9441666666666667,0.03333333333333344,100
gpt6_probe,parametric,qa_s,0.9175,0.945,0.02749999999999997,100
gpt6_probe,parametric,qa_p,0.9075,0.94375,0.036250000000000004,100
gpt6_probe,parametric,geometry,0.6653548333333333,0.7104991666666666,0.04514433333333323,100
gpt6_probe,parametric,topology,0.9865497033333334,0.9999886499999999,0.013438946666666562,100
qwen38max,descriptive,valid,1.0,1.0,0.0,100
qwen38max,descriptive,judge,0.8673611111111111,0.9048611111111111,0.03749999999999998,100
qwen38max,descriptive,qa_s,0.9625,0.9875,0.025000000000000022,100
qwen38max,descriptive,jsem_normalized,0.7722222222222223,0.8222222222222223,0.050000000000000044,100
qwen38max,parametric,valid,1.0,1.0,0.0,100
qwen38max,parametric,judge,0.8958333333333334,0.9175,0.021666666666666612,100
qwen38max,parametric,qa_s,0.8775,0.91,0.032500000000000084,100
qwen38max,parametric,qa_p,0.905,0.92125,0.016249999999999987,100
qwen38max,parametric,geometry,0.6701033333333334,0.6873596666666667,0.017256333333333318,100
qwen38max,parametric,topology,0.9794807933333334,0.99998869,0.020507896666666636,100
gemini38_flash,descriptive,valid,1.0,1.0,0.0,100
gemini38_flash,descriptive,judge,0.8555555555555554,0.8763888888888889,0.02083333333333348,100
gemini38_flash,descriptive,qa_s,0.96,0.995,0.03500000000000003,100
gemini38_flash,descriptive,jsem_normalized,0.751111111111111,0.7577777777777777,0.00666666666666671,100
gemini38_flash,parametric,valid,1.0,1.0,0.0,100
gemini38_flash,parametric,judge,0.8808333333333334,0.93,0.04916666666666669,100
gemini38_flash,parametric,qa_s,0.8575,0.9175,0.05999999999999994,100
gemini38_flash,parametric,qa_p,0.8925,0.93625,0.04375000000000007,100
gemini38_flash,parametric,geometry,0.67806275,0.7053489166666667,0.02728616666666661,100
gemini38_flash,parametric,topology,0.9863895366666666,0.99997639,0.013586853333333426,100
kimi_k3,descriptive,valid,0.97,1.0,0.030000000000000027,100
kimi_k3,descriptive,judge,0.8309722222222222,0.9077777777777777,0.07680555555555546,100
kimi_k3,descriptive,qa_s,0.8975,0.99,0.09250000000000003,100
kimi_k3,descriptive,jsem_normalized,0.7644444444444445,0.8255555555555554,0.061111111111110894,100
kimi_k3,parametric,valid,0.99,1.0,0.010000000000000009,100
kimi_k3,parametric,judge,0.8850000000000001,0.94,0.05499999999999983,100
kimi_k3,parametric,qa_s,0.8675,0.93,0.0625,100
kimi_k3,parametric,qa_p,0.89375,0.945,0.05124999999999991,100
kimi_k3,parametric,geometry,0.6556504166666667,0.6841276666666667,0.02847725000000001,100
kimi_k3,parametric,topology,0.9761123533333332,0.99981858,0.023706226666666774,100
grok46,descriptive,valid,1.0,1.0,0.0,100
grok46,descriptive,judge,0.8427777777777778,0.8752777777777778,0.03249999999999997,100
grok46,descriptive,qa_s,0.96,0.995,0.03500000000000003,100
grok46,descriptive,jsem_normalized,0.7255555555555556,0.7555555555555555,0.029999999999999916,100
grok46,parametric,valid,1.0,1.0,0.0,100
grok46,parametric,judge,0.8775000000000001,0.9141666666666666,0.036666666666666514,100
grok46,parametric,qa_s,0.8525,0.885,0.03249999999999997,100
grok46,parametric,qa_p,0.89,0.92875,0.03874999999999995,100
grok46,parametric,geometry,0.6807449166666666,0.6933833333333334,0.012638416666666763,100
grok46,parametric,topology,0.98971166,0.99992989,0.010218229999999995,100
claude_opus5,descriptive,valid,1.0,1.0,0.0,100
claude_opus5,descriptive,judge,0.8290277777777778,0.8630555555555555,0.03402777777777766,100
claude_opus5,descriptive,qa_s,0.9325,0.975,0.04249999999999998,100
claude_opus5,descriptive,jsem_normalized,0.7255555555555556,0.751111111111111,0.02555555555555533,100
claude_opus5,parametric,valid,1.0,1.0,0.0,100
claude_opus5,parametric,judge,0.8858333333333334,0.9375,0.05166666666666664,100
claude_opus5,parametric,qa_s,0.8675,0.945,0.0774999999999999,100
claude_opus5,parametric,qa_p,0.895,0.93375,0.03874999999999995,100
claude_opus5,parametric,geometry,0.658679,0.6934845833333334,0.03480558333333339,100
claude_opus5,parametric,topology,0.9898354333333333,0.9997288233333333,0.009893390000000002,100
glm53_official,descriptive,valid,1.0,0.99,-0.010000000000000009,100
glm53_official,descriptive,judge,0.8455555555555555,0.8591666666666666,0.01361111111111113,100
glm53_official,descriptive,qa_s,0.9,0.935,0.03500000000000003,100
glm53_official,descriptive,jsem_normalized,0.791111111111111,0.7833333333333333,-0.007777777777777661,100
glm53_official,parametric,valid,1.0,1.0,0.0,100
glm53_official,parametric,judge,0.87,0.93,0.06000000000000005,100
glm53_official,parametric,qa_s,0.86,0.9325,0.07250000000000001,100
glm53_official,parametric,qa_p,0.875,0.92875,0.053749999999999964,100
glm53_official,parametric,geometry,0.6424357500000001,0.6693346666666666,0.02689891666666655,100
glm53_official,parametric,topology,0.9895863766666666,0.9997674533333333,0.010181076666666677,100
deepseek_v41flash,descriptive,valid,1.0,1.0,0.0,100
deepseek_v41flash,descriptive,judge,0.8405555555555556,0.8841666666666668,0.043611111111111156,100
deepseek_v41flash,descriptive,qa_s,0.91,0.975,0.06499999999999995,100
deepseek_v41flash,descriptive,jsem_normalized,0.7711111111111112,0.7933333333333334,0.022222222222222254,100
deepseek_v41flash,parametric,valid,0.99,0.99,0.0,100
deepseek_v41flash,parametric,judge,0.8641666666666666,0.9083333333333332,0.044166666666666576,100
deepseek_v41flash,parametric,qa_s,0.82,0.8875,0.0675,100
deepseek_v41flash,parametric,qa_p,0.88625,0.91875,0.03249999999999997,100
deepseek_v41flash,parametric,geometry,0.6493245000000001,0.6612513333333334,0.011926833333333331,100
deepseek_v41flash,parametric,topology,0.9760531100000001,0.9895230266666667,0.013469916666666637,100
doubao21,descriptive,valid,0.99,1.0,0.010000000000000009,100
doubao21,descriptive,judge,0.8255555555555556,0.8587499999999999,0.033194444444444304,100
doubao21,descriptive,qa_s,0.88,0.9375,0.057499999999999996,100
doubao21,descriptive,jsem_normalized,0.7711111111111112,0.7799999999999998,0.008888888888888613,100
doubao21,parametric,valid,0.99,1.0,0.010000000000000009,100
doubao21,parametric,judge,0.8633333333333333,0.91,0.046666666666666745,100
doubao21,parametric,qa_s,0.8475,0.885,0.03749999999999998,100
doubao21,parametric,qa_p,0.87125,0.9225,0.05125000000000002,100
doubao21,parametric,geometry,0.63958925,0.6529170833333333,0.013327833333333317,100
doubao21,parametric,topology,0.9762890533333334,0.9998956933333334,0.023606640000000012,100
glm53flash,descriptive,valid,0.98,0.97,-0.010000000000000009,100
glm53flash,descriptive,judge,0.8308333333333333,0.7911111111111111,-0.039722222222222214,100
glm53flash,descriptive,qa_s,0.905,0.87,-0.03500000000000003,100
glm53flash,descriptive,jsem_normalized,0.7566666666666666,0.7122222222222221,-0.04444444444444451,100
glm53flash,parametric,valid,0.98,0.99,0.010000000000000009,100
glm53flash,parametric,judge,0.8574999999999999,0.8866666666666667,0.029166666666666785,100
glm53flash,parametric,qa_s,0.8425,0.8475,0.0050000000000000044,100
glm53flash,parametric,qa_p,0.865,0.90625,0.04125000000000001,100
glm53flash,parametric,geometry,0.6119320833333333,0.6030890833333333,-0.008842999999999934,100
glm53flash,parametric,topology,0.9629565966666667,0.9898334066666666,0.026876809999999973,100
