model_id,task,format,uid,valid,qa_s_correct,qa_p_correct,qa_s,qa_p,jsem_filled_1_10,jsem_observed,jsem_normalized,judge,qa_micro,chamfer_distance,chamfer_distance_score,iou_csg,f_score_005,f_score_001,normal_consistency,no_open_edge,inverted_normal_score,non_manifold_edge_score,iou_measured,iou_inapplicable,geometry,topology
text2cad,descriptive,json,0085/00852511,True,0,0,0.0,,3,3,0.2222222222222222,0.1111111111111111,,,,,,,,,,,,,,
text2cad,descriptive,json,0009/00099014,False,0,0,0.0,,1,,0.0,0.0,,,,,,,,,,,,,,
text2cad,descriptive,json,0071/00710826,True,0,0,0.0,,3,3,0.2222222222222222,0.1111111111111111,,,,,,,,,,,,,,
text2cad,descriptive,json,0005/00057589,True,0,0,0.0,,3,3,0.2222222222222222,0.1111111111111111,,,,,,,,,,,,,,
text2cad,descriptive,json,0015/00155951,False,0,0,0.0,,1,,0.0,0.0,,,,,,,,,,,,,,
text2cad,descriptive,json,0013/00134405,True,0,0,0.0,,5,5,0.4444444444444444,0.2222222222222222,,,,,,,,,,,,,,
text2cad,descriptive,json,0053/00531353,True,0,0,0.0,,3,3,0.2222222222222222,0.1111111111111111,,,,,,,,,,,,,,
text2cad,descriptive,json,0094/00941813,True,0,0,0.0,,3,3,0.2222222222222222,0.1111111111111111,,,,,,,,,,,,,,
text2cad,descriptive,json,0081/00817410,True,0,0,0.0,,3,3,0.2222222222222222,0.1111111111111111,,,,,,,,,,,,,,
text2cad,descriptive,json,0045/00457640,True,0,0,0.0,,4,4,0.3333333333333333,0.16666666666666666,,,,,,,,,,,,,,
text2cad,descriptive,json,0047/00478097,True,0,0,0.0,,3,3,0.2222222222222222,0.1111111111111111,,,,,,,,,,,,,,
text2cad,descriptive,json,0013/00135353,True,0,0,0.0,,3,3,0.2222222222222222,0.1111111111111111,,,,,,,,,,,,,,
text2cad,descriptive,json,0062/00621494,True,0,0,0.0,,4,4,0.3333333333333333,0.16666666666666666,,,,,,,,,,,,,,
text2cad,descriptive,json,0016/00169954,True,0,0,0.0,,3,3,0.2222222222222222,0.1111111111111111,,,,,,,,,,,,,,
text2cad,descriptive,json,0039/00390147,True,1,0,0.25,,3,3,0.2222222222222222,0.2361111111111111,,,,,,,,,,,,,,
text2cad,descriptive,json,0089/00895528,True,0,0,0.0,,3,3,0.2222222222222222,0.1111111111111111,,,,,,,,,,,,,,
text2cad,descriptive,json,0030/00306122,True,0,0,0.0,,3,3,0.2222222222222222,0.1111111111111111,,,,,,,,,,,,,,
text2cad,descriptive,json,0070/00706059,True,0,0,0.0,,3,3,0.2222222222222222,0.1111111111111111,,,,,,,,,,,,,,
text2cad,descriptive,json,0008/00086411,True,1,0,0.25,,3,3,0.2222222222222222,0.2361111111111111,,,,,,,,,,,,,,
text2cad,descriptive,json,0073/00732007,False,0,0,0.0,,1,,0.0,0.0,,,,,,,,,,,,,,
text2cad,descriptive,json,0010/00103639,True,0,0,0.0,,3,3,0.2222222222222222,0.1111111111111111,,,,,,,,,,,,,,
text2cad,descriptive,json,0019/00199917,True,0,0,0.0,,3,3,0.2222222222222222,0.1111111111111111,,,,,,,,,,,,,,
text2cad,descriptive,json,0035/00350534,True,1,0,0.25,,3,3,0.2222222222222222,0.2361111111111111,,,,,,,,,,,,,,
text2cad,descriptive,json,0043/00431078,True,0,0,0.0,,3,3,0.2222222222222222,0.1111111111111111,,,,,,,,,,,,,,
text2cad,descriptive,json,0073/00737056,False,0,0,0.0,,1,,0.0,0.0,,,,,,,,,,,,,,
text2cad,descriptive,json,0078/00788594,True,1,0,0.25,,3,3,0.2222222222222222,0.2361111111111111,,,,,,,,,,,,,,
text2cad,descriptive,json,0067/00677148,True,0,0,0.0,,3,3,0.2222222222222222,0.1111111111111111,,,,,,,,,,,,,,
text2cad,descriptive,json,0093/00937375,True,0,0,0.0,,1,1,0.0,0.0,,,,,,,,,,,,,,
text2cad,descriptive,json,0072/00726428,True,2,0,0.5,,3,3,0.2222222222222222,0.3611111111111111,,,,,,,,,,,,,,
text2cad,descriptive,json,0049/00497058,True,1,0,0.25,,4,4,0.3333333333333333,0.29166666666666663,,,,,,,,,,,,,,
text2cad,descriptive,json,0013/00133189,True,0,0,0.0,,3,3,0.2222222222222222,0.1111111111111111,,,,,,,,,,,,,,
text2cad,descriptive,json,0024/00249966,True,0,0,0.0,,3,3,0.2222222222222222,0.1111111111111111,,,,,,,,,,,,,,
text2cad,descriptive,json,0004/00042777,True,0,0,0.0,,3,3,0.2222222222222222,0.1111111111111111,,,,,,,,,,,,,,
text2cad,descriptive,json,0055/00553999,True,0,0,0.0,,3,3,0.2222222222222222,0.1111111111111111,,,,,,,,,,,,,,
text2cad,descriptive,json,0068/00681400,True,0,0,0.0,,3,3,0.2222222222222222,0.1111111111111111,,,,,,,,,,,,,,
text2cad,descriptive,json,0071/00714935,True,0,0,0.0,,4,4,0.3333333333333333,0.16666666666666666,,,,,,,,,,,,,,
text2cad,descriptive,json,0022/00227442,True,0,0,0.0,,1,1,0.0,0.0,,,,,,,,,,,,,,
text2cad,descriptive,json,0039/00397627,True,1,0,0.25,,3,3,0.2222222222222222,0.2361111111111111,,,,,,,,,,,,,,
text2cad,descriptive,json,0026/00268024,True,0,0,0.0,,1,1,0.0,0.0,,,,,,,,,,,,,,
text2cad,descriptive,json,0007/00073282,True,0,0,0.0,,3,3,0.2222222222222222,0.1111111111111111,,,,,,,,,,,,,,
text2cad,descriptive,json,0036/00369868,True,0,0,0.0,,3,3,0.2222222222222222,0.1111111111111111,,,,,,,,,,,,,,
text2cad,descriptive,json,0084/00844862,True,0,0,0.0,,3,3,0.2222222222222222,0.1111111111111111,,,,,,,,,,,,,,
text2cad,descriptive,json,0026/00268027,True,0,0,0.0,,3,3,0.2222222222222222,0.1111111111111111,,,,,,,,,,,,,,
text2cad,descriptive,json,0092/00925049,True,0,0,0.0,,3,3,0.2222222222222222,0.1111111111111111,,,,,,,,,,,,,,
text2cad,descriptive,json,0072/00725542,False,0,0,0.0,,1,,0.0,0.0,,,,,,,,,,,,,,
text2cad,descriptive,json,0015/00150938,True,1,0,0.25,,4,4,0.3333333333333333,0.29166666666666663,,,,,,,,,,,,,,
text2cad,descriptive,json,0072/00726429,True,1,0,0.25,,3,3,0.2222222222222222,0.2361111111111111,,,,,,,,,,,,,,
text2cad,descriptive,json,0065/00657969,True,0,0,0.0,,3,3,0.2222222222222222,0.1111111111111111,,,,,,,,,,,,,,
text2cad,descriptive,json,0031/00310774,True,0,0,0.0,,3,3,0.2222222222222222,0.1111111111111111,,,,,,,,,,,,,,
text2cad,descriptive,json,0061/00618813,True,1,0,0.25,,3,3,0.2222222222222222,0.2361111111111111,,,,,,,,,,,,,,
text2cad,descriptive,json,0030/00307386,True,0,0,0.0,,3,3,0.2222222222222222,0.1111111111111111,,,,,,,,,,,,,,
text2cad,descriptive,json,0072/00724192,False,0,0,0.0,,1,,0.0,0.0,,,,,,,,,,,,,,
text2cad,descriptive,json,0018/00189804,True,0,0,0.0,,3,3,0.2222222222222222,0.1111111111111111,,,,,,,,,,,,,,
text2cad,descriptive,json,0080/00807326,True,0,0,0.0,,3,3,0.2222222222222222,0.1111111111111111,,,,,,,,,,,,,,
text2cad,descriptive,json,0078/00789364,True,0,0,0.0,,3,3,0.2222222222222222,0.1111111111111111,,,,,,,,,,,,,,
text2cad,descriptive,json,0002/00029952,True,0,0,0.0,,3,3,0.2222222222222222,0.1111111111111111,,,,,,,,,,,,,,
text2cad,descriptive,json,0005/00051224,True,0,0,0.0,,3,3,0.2222222222222222,0.1111111111111111,,,,,,,,,,,,,,
text2cad,descriptive,json,0087/00873073,True,0,0,0.0,,3,3,0.2222222222222222,0.1111111111111111,,,,,,,,,,,,,,
text2cad,descriptive,json,0077/00779770,True,0,0,0.0,,3,3,0.2222222222222222,0.1111111111111111,,,,,,,,,,,,,,
text2cad,descriptive,json,0077/00778195,True,0,0,0.0,,3,3,0.2222222222222222,0.1111111111111111,,,,,,,,,,,,,,
text2cad,descriptive,json,0039/00397628,True,3,0,0.75,,3,3,0.2222222222222222,0.4861111111111111,,,,,,,,,,,,,,
text2cad,descriptive,json,0008/00089777,True,1,0,0.25,,3,3,0.2222222222222222,0.2361111111111111,,,,,,,,,,,,,,
text2cad,descriptive,json,0075/00758810,True,0,0,0.0,,1,1,0.0,0.0,,,,,,,,,,,,,,
text2cad,descriptive,json,0028/00284926,False,0,0,0.0,,1,,0.0,0.0,,,,,,,,,,,,,,
text2cad,descriptive,json,0074/00741629,True,0,0,0.0,,3,3,0.2222222222222222,0.1111111111111111,,,,,,,,,,,,,,
text2cad,descriptive,json,0097/00973497,True,0,0,0.0,,3,3,0.2222222222222222,0.1111111111111111,,,,,,,,,,,,,,
text2cad,descriptive,json,0047/00474303,True,0,0,0.0,,3,3,0.2222222222222222,0.1111111111111111,,,,,,,,,,,,,,
text2cad,descriptive,json,0061/00616188,True,0,0,0.0,,3,3,0.2222222222222222,0.1111111111111111,,,,,,,,,,,,,,
text2cad,descriptive,json,0005/00051572,True,0,0,0.0,,3,3,0.2222222222222222,0.1111111111111111,,,,,,,,,,,,,,
text2cad,descriptive,json,0025/00253807,True,0,0,0.0,,3,3,0.2222222222222222,0.1111111111111111,,,,,,,,,,,,,,
text2cad,descriptive,json,0024/00242128,True,0,0,0.0,,3,3,0.2222222222222222,0.1111111111111111,,,,,,,,,,,,,,
text2cad,descriptive,json,0029/00292492,True,0,0,0.0,,3,3,0.2222222222222222,0.1111111111111111,,,,,,,,,,,,,,
text2cad,descriptive,json,0054/00547865,True,0,0,0.0,,3,3,0.2222222222222222,0.1111111111111111,,,,,,,,,,,,,,
text2cad,descriptive,json,0005/00052091,True,0,0,0.0,,3,3,0.2222222222222222,0.1111111111111111,,,,,,,,,,,,,,
text2cad,descriptive,json,0034/00344679,True,0,0,0.0,,3,3,0.2222222222222222,0.1111111111111111,,,,,,,,,,,,,,
text2cad,descriptive,json,0092/00923543,True,0,0,0.0,,4,4,0.3333333333333333,0.16666666666666666,,,,,,,,,,,,,,
text2cad,descriptive,json,0024/00242859,True,2,0,0.5,,3,3,0.2222222222222222,0.3611111111111111,,,,,,,,,,,,,,
text2cad,descriptive,json,0079/00790247,True,0,0,0.0,,3,3,0.2222222222222222,0.1111111111111111,,,,,,,,,,,,,,
text2cad,descriptive,json,0084/00843879,True,1,0,0.25,,3,3,0.2222222222222222,0.2361111111111111,,,,,,,,,,,,,,
text2cad,descriptive,json,0010/00108226,True,0,0,0.0,,4,4,0.3333333333333333,0.16666666666666666,,,,,,,,,,,,,,
text2cad,descriptive,json,0026/00268031,True,0,0,0.0,,3,3,0.2222222222222222,0.1111111111111111,,,,,,,,,,,,,,
text2cad,descriptive,json,0022/00225399,False,0,0,0.0,,1,,0.0,0.0,,,,,,,,,,,,,,
text2cad,descriptive,json,0057/00570258,True,0,0,0.0,,3,3,0.2222222222222222,0.1111111111111111,,,,,,,,,,,,,,
text2cad,descriptive,json,0010/00101896,False,0,0,0.0,,1,,0.0,0.0,,,,,,,,,,,,,,
text2cad,descriptive,json,0061/00619989,True,2,0,0.5,,3,3,0.2222222222222222,0.3611111111111111,,,,,,,,,,,,,,
text2cad,descriptive,json,0022/00226013,True,0,0,0.0,,3,3,0.2222222222222222,0.1111111111111111,,,,,,,,,,,,,,
text2cad,descriptive,json,0052/00523563,True,1,0,0.25,,3,3,0.2222222222222222,0.2361111111111111,,,,,,,,,,,,,,
text2cad,descriptive,json,0036/00361447,True,0,0,0.0,,3,3,0.2222222222222222,0.1111111111111111,,,,,,,,,,,,,,
text2cad,descriptive,json,0070/00709862,True,1,0,0.25,,5,5,0.4444444444444444,0.3472222222222222,,,,,,,,,,,,,,
text2cad,descriptive,json,0054/00541109,True,1,0,0.25,,3,3,0.2222222222222222,0.2361111111111111,,,,,,,,,,,,,,
text2cad,descriptive,json,0086/00866616,True,0,0,0.0,,3,3,0.2222222222222222,0.1111111111111111,,,,,,,,,,,,,,
text2cad,descriptive,json,0027/00279318,True,0,0,0.0,,3,3,0.2222222222222222,0.1111111111111111,,,,,,,,,,,,,,
text2cad,descriptive,json,0082/00827203,True,0,0,0.0,,2,2,0.1111111111111111,0.05555555555555555,,,,,,,,,,,,,,
text2cad,descriptive,json,0039/00391450,True,0,0,0.0,,1,1,0.0,0.0,,,,,,,,,,,,,,
text2cad,descriptive,json,0013/00135378,True,0,0,0.0,,3,3,0.2222222222222222,0.1111111111111111,,,,,,,,,,,,,,
text2cad,descriptive,json,0093/00934405,True,0,0,0.0,,1,1,0.0,0.0,,,,,,,,,,,,,,
text2cad,descriptive,json,0056/00568816,True,0,0,0.0,,3,3,0.2222222222222222,0.1111111111111111,,,,,,,,,,,,,,
text2cad,descriptive,json,0072/00728052,True,0,0,0.0,,3,3,0.2222222222222222,0.1111111111111111,,,,,,,,,,,,,,
text2cad,descriptive,json,0021/00210983,True,0,0,0.0,,3,3,0.2222222222222222,0.1111111111111111,,,,,,,,,,,,,,
text2cad,descriptive,json,0046/00460772,True,0,0,0.0,,3,3,0.2222222222222222,0.1111111111111111,,,,,,,,,,,,,,
text2cad,parametric,json,0085/00852511,True,0,1,0.0,0.125,,,,0.08333333333333333,0.08333333333333333,0.004985,0.5015000000000001,0.154,0.3245,0.0561,0.4696,1.0,1.0,1.0,True,False,0.2953,1.0
text2cad,parametric,json,0009/00099014,True,1,3,0.25,0.375,,,,0.3333333333333333,0.3333333333333333,0.022605,0.0,0.046,0.1022,0.0208,0.4218,1.0,1.0,1.0,True,False,0.12215000000000001,1.0
text2cad,parametric,json,0071/00710826,True,0,2,0.0,0.25,,,,0.16666666666666666,0.16666666666666666,0.006253,0.37470000000000003,0.2865,0.5237,0.2423,0.638,1.0,1.0,1.0,True,False,0.385375,1.0
text2cad,parametric,json,0005/00057589,True,0,0,0.0,0.0,,,,0.0,0.0,0.004378,0.5622,0.0076,0.2935,0.0315,0.5673,1.0,1.0,1.0,True,False,0.29215,1.0
text2cad,parametric,json,0015/00155951,True,0,2,0.0,0.25,,,,0.16666666666666666,0.16666666666666666,0.009168,0.08319999999999994,0.0932,0.3345,0.0642,0.3078,1.0,1.0,1.0,True,False,0.1371,1.0
text2cad,parametric,json,0013/00134405,True,0,1,0.0,0.125,,,,0.08333333333333333,0.08333333333333333,0.000895,0.9105,1.0,0.9016,0.1822,0.8354,1.0,1.0,1.0,True,False,0.732025,1.0
text2cad,parametric,json,0053/00531353,True,0,2,0.0,0.25,,,,0.16666666666666666,0.16666666666666666,0.008295,0.17049999999999998,0.0377,0.1394,0.0173,0.4533,1.0,1.0,1.0,True,False,0.1697,1.0
text2cad,parametric,json,0094/00941813,True,0,1,0.0,0.125,,,,0.08333333333333333,0.08333333333333333,0.009108,0.08920000000000006,0.0198,0.1616,0.0467,0.3999,1.0,1.0,1.0,True,False,0.1389,1.0
text2cad,parametric,json,0081/00817410,True,1,1,0.25,0.125,,,,0.16666666666666666,0.16666666666666666,0.004049,0.5951,0.1114,0.6075,0.0556,0.3957,1.0,1.0,1.0,True,False,0.28945,1.0
text2cad,parametric,json,0045/00457640,True,0,1,0.0,0.125,,,,0.08333333333333333,0.08333333333333333,0.003208,0.6792,0.0401,0.5199,0.0572,0.5941,1.0,1.0,1.0,True,False,0.34265,1.0
text2cad,parametric,json,0047/00478097,True,0,2,0.0,0.25,,,,0.16666666666666666,0.16666666666666666,0.001951,0.8049,0.1126,0.6098,0.1075,0.5767,1.0,1.0,0.985294,True,False,0.400425,0.995098
text2cad,parametric,json,0013/00135353,True,0,1,0.0,0.125,,,,0.08333333333333333,0.08333333333333333,0.002475,0.7525,0.0876,0.513,0.0713,0.4345,1.0,1.0,1.0,True,False,0.33647499999999997,1.0
text2cad,parametric,json,0062/00621494,True,0,2,0.0,0.25,,,,0.16666666666666666,0.16666666666666666,0.003363,0.6637,0.2763,0.5914,0.0537,0.5745,1.0,1.0,1.0,True,False,0.39205,1.0
text2cad,parametric,json,0016/00169954,True,0,0,0.0,0.0,,,,0.0,0.0,0.010663,0.0,0.0887,0.3207,0.0559,0.4499,1.0,1.0,1.0,True,False,0.148625,1.0
text2cad,parametric,json,0039/00390147,True,0,1,0.0,0.125,,,,0.08333333333333333,0.08333333333333333,0.008496,0.15039999999999998,0.1441,0.3861,0.0792,0.4139,1.0,1.0,1.0,True,False,0.1969,1.0
text2cad,parametric,json,0089/00895528,True,2,1,0.5,0.125,,,,0.25,0.25,0.00602,0.398,0.2204,0.368,0.0385,0.537,1.0,1.0,1.0,True,False,0.298475,1.0
text2cad,parametric,json,0030/00306122,True,0,0,0.0,0.0,,,,0.0,0.0,0.003086,0.6914,0.3873,0.6197,0.1576,0.5572,1.0,1.0,1.0,True,False,0.448375,1.0
text2cad,parametric,json,0070/00706059,True,1,0,0.25,0.0,,,,0.08333333333333333,0.08333333333333333,0.012677,0.0,0.0932,0.2892,0.0272,0.4029,1.0,1.0,1.0,True,False,0.130825,1.0
text2cad,parametric,json,0008/00086411,True,1,2,0.25,0.25,,,,0.25,0.25,0.000774,0.9226,0.3107,0.9555,0.0755,0.6491,1.0,1.0,1.0,True,False,0.489475,1.0
text2cad,parametric,json,0073/00732007,True,0,0,0.0,0.0,,,,0.0,0.0,0.012409,0.0,0.0326,0.166,0.0247,0.3885,1.0,1.0,1.0,True,False,0.11145000000000001,1.0
text2cad,parametric,json,0010/00103639,True,0,3,0.0,0.375,,,,0.25,0.25,0.008273,0.17269999999999996,0.2097,0.5117,0.3531,0.5439,1.0,1.0,1.0,True,False,0.31985,1.0
text2cad,parametric,json,0019/00199917,True,0,0,0.0,0.0,,,,0.0,0.0,0.010687,0.0,0.0,0.3861,0.0362,0.3998,1.0,1.0,1.0,False,True,0.109,1.0
text2cad,parametric,json,0035/00350534,True,0,1,0.0,0.125,,,,0.08333333333333333,0.08333333333333333,0.005215,0.47850000000000004,0.0858,0.3741,0.1423,0.4662,1.0,1.0,1.0,True,False,0.2932,1.0
text2cad,parametric,json,0043/00431078,True,0,0,0.0,0.0,,,,0.0,0.0,0.003876,0.6124,0.0896,0.398,0.0539,0.2633,1.0,1.0,1.0,True,False,0.2548,1.0
text2cad,parametric,json,0073/00737056,True,0,2,0.0,0.25,,,,0.16666666666666666,0.16666666666666666,0.004283,0.5717,0.1541,0.4364,0.0952,0.4317,1.0,1.0,1.0,True,False,0.313175,1.0
text2cad,parametric,json,0078/00788594,True,0,1,0.0,0.125,,,,0.08333333333333333,0.08333333333333333,0.010947,0.0,0.0285,0.2013,0.0247,0.2789,1.0,1.0,1.0,True,False,0.083025,1.0
text2cad,parametric,json,0067/00677148,True,1,2,0.25,0.25,,,,0.25,0.25,0.007307,0.2693,0.2206,0.4648,0.0424,0.3804,1.0,1.0,1.0,True,False,0.228175,1.0
text2cad,parametric,json,0093/00937375,True,0,2,0.0,0.25,,,,0.16666666666666666,0.16666666666666666,0.010461,0.0,0.0167,0.2358,0.0357,0.3555,1.0,1.0,1.0,True,False,0.101975,1.0
text2cad,parametric,json,0072/00726428,True,1,2,0.25,0.25,,,,0.25,0.25,0.006622,0.3378,0.1755,0.3714,0.0364,0.2658,1.0,1.0,1.0,True,False,0.203875,1.0
text2cad,parametric,json,0049/00497058,True,1,1,0.25,0.125,,,,0.16666666666666666,0.16666666666666666,0.003878,0.6122000000000001,0.0,0.5694,0.0777,0.4316,1.0,1.0,1.0,False,True,0.28037500000000004,1.0
text2cad,parametric,json,0013/00133189,True,0,1,0.0,0.125,,,,0.08333333333333333,0.08333333333333333,0.031921,0.0,0.0183,0.1274,0.0158,0.5227,1.0,1.0,1.0,True,False,0.13920000000000002,1.0
text2cad,parametric,json,0024/00249966,True,0,1,0.0,0.125,,,,0.08333333333333333,0.08333333333333333,0.007101,0.28990000000000005,0.015,0.2236,0.0444,0.2773,1.0,1.0,1.0,True,False,0.15665,1.0
text2cad,parametric,json,0004/00042777,True,0,3,0.0,0.375,,,,0.25,0.25,0.003499,0.6501,0.2585,0.6265,0.0552,0.4744,1.0,1.0,1.0,True,False,0.35955,1.0
text2cad,parametric,json,0055/00553999,True,0,3,0.0,0.375,,,,0.25,0.25,0.007676,0.23240000000000005,0.1355,0.4571,0.0573,0.5085,1.0,1.0,1.0,True,False,0.233425,1.0
text2cad,parametric,json,0068/00681400,True,0,1,0.0,0.125,,,,0.08333333333333333,0.08333333333333333,0.00187,0.813,0.201,0.6122,0.0576,0.5224,1.0,1.0,1.0,True,False,0.39849999999999997,1.0
text2cad,parametric,json,0071/00714935,True,0,1,0.0,0.125,,,,0.08333333333333333,0.08333333333333333,0.006449,0.35509999999999997,0.0,0.456,0.0407,0.5458,1.0,1.0,1.0,False,True,0.23539999999999997,1.0
text2cad,parametric,json,0022/00227442,True,0,2,0.0,0.25,,,,0.16666666666666666,0.16666666666666666,0.000698,0.9302,0.1604,0.9227,0.054,0.7076,1.0,1.0,0.998726,True,False,0.46305,0.9995753333333334
text2cad,parametric,json,0039/00397627,True,1,1,0.25,0.125,,,,0.16666666666666666,0.16666666666666666,0.007687,0.23129999999999995,0.1618,0.3434,0.0392,0.3115,1.0,1.0,1.0,True,False,0.18594999999999998,1.0
text2cad,parametric,json,0026/00268024,True,0,1,0.0,0.125,,,,0.08333333333333333,0.08333333333333333,0.024597,0.0,0.0149,0.1483,0.0536,0.249,1.0,1.0,1.0,True,False,0.079375,1.0
text2cad,parametric,json,0007/00073282,True,0,3,0.0,0.375,,,,0.25,0.25,0.01404,0.0,0.0,0.26,0.0189,0.6342,1.0,1.0,1.0,False,True,0.163275,1.0
text2cad,parametric,json,0036/00369868,True,0,3,0.0,0.375,,,,0.25,0.25,0.007721,0.2279,0.166,0.3856,0.0167,0.4277,1.0,1.0,0.984615,True,False,0.209575,0.9948716666666666
text2cad,parametric,json,0084/00844862,True,0,0,0.0,0.0,,,,0.0,0.0,0.005837,0.4163,0.0228,0.2571,0.0472,0.4405,1.0,1.0,1.0,True,False,0.2317,1.0
text2cad,parametric,json,0026/00268027,True,0,1,0.0,0.125,,,,0.08333333333333333,0.08333333333333333,0.002572,0.7428,0.264,0.7177,0.5156,0.5824,1.0,1.0,1.0,True,False,0.5262,1.0
text2cad,parametric,json,0092/00925049,True,0,0,0.0,0.0,,,,0.0,0.0,0.000604,0.9396,0.2065,0.8784,0.1333,0.7428,1.0,1.0,1.0,True,False,0.5055499999999999,1.0
text2cad,parametric,json,0072/00725542,True,2,3,0.5,0.375,,,,0.4166666666666667,0.4166666666666667,0.004851,0.5148999999999999,0.0,0.3853,0.038,0.2633,1.0,1.0,1.0,False,True,0.20404999999999998,1.0
text2cad,parametric,json,0015/00150938,True,0,2,0.0,0.25,,,,0.16666666666666666,0.16666666666666666,0.020024,0.0,0.0186,0.0763,0.0136,0.3803,1.0,1.0,1.0,True,False,0.10312500000000001,1.0
text2cad,parametric,json,0072/00726429,True,1,2,0.25,0.25,,,,0.25,0.25,0.003949,0.6051,0.4213,0.6143,0.108,0.5118,1.0,1.0,0.5,True,False,0.41155,0.8333333333333334
text2cad,parametric,json,0065/00657969,True,0,2,0.0,0.25,,,,0.16666666666666666,0.16666666666666666,0.008056,0.1943999999999999,0.1852,0.5125,0.2302,0.3694,1.0,1.0,1.0,True,False,0.24479999999999996,1.0
text2cad,parametric,json,0031/00310774,True,0,1,0.0,0.125,,,,0.08333333333333333,0.08333333333333333,0.003577,0.6423000000000001,0.1283,0.4782,0.0665,0.4264,1.0,1.0,0.985915,True,False,0.315875,0.995305
text2cad,parametric,json,0061/00618813,True,0,2,0.0,0.25,,,,0.16666666666666666,0.16666666666666666,0.01304,0.0,0.0678,0.3337,0.0566,0.341,1.0,1.0,1.0,True,False,0.11635000000000001,1.0
text2cad,parametric,json,0030/00307386,True,0,1,0.0,0.125,,,,0.08333333333333333,0.08333333333333333,0.008254,0.1746000000000001,0.0475,0.2251,0.0785,0.4309,1.0,1.0,1.0,True,False,0.182875,1.0
text2cad,parametric,json,0072/00724192,True,0,1,0.0,0.125,,,,0.08333333333333333,0.08333333333333333,0.003265,0.6735,0.0,0.3585,0.0971,0.4397,1.0,1.0,1.0,False,True,0.302575,1.0
text2cad,parametric,json,0018/00189804,False,0,0,0.0,0.0,,,,0.0,0.0,0.01,0.0,0.0,0.0,0.0,0.0,0.0,0.0,0.0,False,False,0.0,0.0
text2cad,parametric,json,0080/00807326,True,3,1,0.75,0.125,,,,0.3333333333333333,0.3333333333333333,0.000832,0.9168000000000001,0.4818,0.8342,0.0926,0.5331,1.0,1.0,1.0,True,False,0.506075,1.0
text2cad,parametric,json,0078/00789364,True,1,2,0.25,0.25,,,,0.25,0.25,0.00654,0.3460000000000001,0.0,0.3635,0.0115,0.546,1.0,1.0,1.0,False,True,0.22587500000000002,1.0
text2cad,parametric,json,0002/00029952,True,0,1,0.0,0.125,,,,0.08333333333333333,0.08333333333333333,0.000565,0.9435,0.4705,0.8809,0.4408,0.6423,1.0,1.0,1.0,True,False,0.624275,1.0
text2cad,parametric,json,0005/00051224,True,0,1,0.0,0.125,,,,0.08333333333333333,0.08333333333333333,0.004309,0.5690999999999999,0.1954,0.3993,0.0563,0.2666,1.0,1.0,1.0,True,False,0.27185,1.0
text2cad,parametric,json,0087/00873073,True,0,1,0.0,0.125,,,,0.08333333333333333,0.08333333333333333,0.005398,0.46020000000000005,0.0213,0.2128,0.0346,0.3029,1.0,1.0,1.0,True,False,0.20475000000000002,1.0
text2cad,parametric,json,0077/00779770,True,0,1,0.0,0.125,,,,0.08333333333333333,0.08333333333333333,0.001196,0.8804,0.0165,0.7942,0.0399,0.6704,1.0,1.0,1.0,True,False,0.4018,1.0
text2cad,parametric,json,0077/00778195,True,0,0,0.0,0.0,,,,0.0,0.0,0.01198,0.0,0.0474,0.1113,0.0169,0.4079,1.0,1.0,1.0,True,False,0.11804999999999999,1.0
text2cad,parametric,json,0039/00397628,True,3,3,0.75,0.375,,,,0.5,0.5,0.004664,0.5336000000000001,0.2892,0.4401,0.0275,0.5516,1.0,1.0,1.0,True,False,0.35047500000000004,1.0
text2cad,parametric,json,0008/00089777,True,0,0,0.0,0.0,,,,0.0,0.0,0.008003,0.1997000000000001,0.0624,0.1591,0.0198,0.5518,1.0,1.0,1.0,True,False,0.20842500000000003,1.0
text2cad,parametric,json,0075/00758810,True,0,1,0.0,0.125,,,,0.08333333333333333,0.08333333333333333,0.002552,0.7448,0.197,0.5771,0.147,0.3651,1.0,1.0,1.0,True,False,0.363475,1.0
text2cad,parametric,json,0028/00284926,True,2,3,0.5,0.375,,,,0.4166666666666667,0.4166666666666667,0.000652,0.9348,0.4917,0.7952,0.1146,0.7511,1.0,1.0,1.0,True,False,0.57305,1.0
text2cad,parametric,json,0074/00741629,True,0,0,0.0,0.0,,,,0.0,0.0,0.002457,0.7543,0.4365,0.6891,0.1357,0.5907,1.0,1.0,1.0,True,False,0.4793,1.0
text2cad,parametric,json,0097/00973497,True,0,3,0.0,0.375,,,,0.25,0.25,0.002879,0.7121,0.0769,0.3922,0.0847,0.2121,1.0,1.0,1.0,True,False,0.27144999999999997,1.0
text2cad,parametric,json,0047/00474303,True,0,2,0.0,0.25,,,,0.16666666666666666,0.16666666666666666,0.005631,0.43690000000000007,0.1874,0.3519,0.024,0.3932,1.0,1.0,1.0,True,False,0.260375,1.0
text2cad,parametric,json,0061/00616188,True,0,1,0.0,0.125,,,,0.08333333333333333,0.08333333333333333,0.001706,0.8294,0.3395,0.6554,0.1562,0.4891,1.0,1.0,1.0,True,False,0.45355,1.0
text2cad,parametric,json,0005/00051572,True,0,1,0.0,0.125,,,,0.08333333333333333,0.08333333333333333,0.001178,0.8822,0.3576,0.7956,0.2263,0.6096,1.0,1.0,1.0,True,False,0.518925,1.0
text2cad,parametric,json,0025/00253807,True,0,1,0.0,0.125,,,,0.08333333333333333,0.08333333333333333,0.002316,0.7684,0.2277,0.6131,0.081,0.5813,1.0,1.0,1.0,True,False,0.4146,1.0
text2cad,parametric,json,0024/00242128,True,0,2,0.0,0.25,,,,0.16666666666666666,0.16666666666666666,0.024831,0.0,0.0,0.2156,0.0251,0.4981,1.0,1.0,1.0,False,True,0.1308,1.0
text2cad,parametric,json,0029/00292492,True,1,3,0.25,0.375,,,,0.3333333333333333,0.3333333333333333,0.001008,0.8992,0.4614,0.802,0.0482,0.683,1.0,1.0,0.818182,True,False,0.52295,0.9393940000000001
text2cad,parametric,json,0054/00547865,True,0,1,0.0,0.125,,,,0.08333333333333333,0.08333333333333333,0.004654,0.5346,0.2474,0.2155,0.0306,0.529,1.0,1.0,1.0,True,False,0.3354,1.0
text2cad,parametric,json,0005/00052091,False,0,0,0.0,0.0,,,,0.0,0.0,0.01,0.0,0.0,0.0,0.0,0.0,0.0,0.0,0.0,False,False,0.0,0.0
text2cad,parametric,json,0034/00344679,True,0,1,0.0,0.125,,,,0.08333333333333333,0.08333333333333333,0.003735,0.6265000000000001,0.0331,0.6078,0.1014,0.6122,1.0,1.0,1.0,True,False,0.3433,1.0
text2cad,parametric,json,0092/00923543,True,1,1,0.25,0.125,,,,0.16666666666666666,0.16666666666666666,0.001375,0.8625,0.2027,0.6985,0.149,0.4567,1.0,1.0,1.0,True,False,0.417725,1.0
text2cad,parametric,json,0024/00242859,True,0,1,0.0,0.125,,,,0.08333333333333333,0.08333333333333333,0.002191,0.7809,0.1764,0.5824,0.0388,0.5944,1.0,1.0,1.0,True,False,0.397625,1.0
text2cad,parametric,json,0079/00790247,True,0,2,0.0,0.25,,,,0.16666666666666666,0.16666666666666666,0.013847,0.0,0.0872,0.2614,0.0793,0.3934,1.0,1.0,1.0,True,False,0.13997500000000002,1.0
text2cad,parametric,json,0084/00843879,True,0,0,0.0,0.0,,,,0.0,0.0,0.003603,0.6397,0.0,0.4767,0.0563,0.4306,1.0,1.0,1.0,False,True,0.28165,1.0
text2cad,parametric,json,0010/00108226,True,0,0,0.0,0.0,,,,0.0,0.0,0.001297,0.8703000000000001,0.4645,0.8473,0.2637,0.6821,1.0,1.0,0.97561,True,False,0.57015,0.99187
text2cad,parametric,json,0026/00268031,True,1,1,0.25,0.125,,,,0.16666666666666666,0.16666666666666666,0.027523,0.0,0.0097,0.2198,0.0681,0.3296,1.0,1.0,1.0,True,False,0.10185,1.0
text2cad,parametric,json,0022/00225399,True,1,2,0.25,0.25,,,,0.25,0.25,0.004835,0.5165,0.2911,0.4612,0.134,0.4769,1.0,1.0,1.0,True,False,0.35462499999999997,1.0
text2cad,parametric,json,0057/00570258,True,0,2,0.0,0.25,,,,0.16666666666666666,0.16666666666666666,0.020555,0.0,0.0111,0.133,0.0199,0.2231,1.0,1.0,1.0,True,False,0.063525,1.0
text2cad,parametric,json,0010/00101896,True,0,0,0.0,0.0,,,,0.0,0.0,0.006429,0.3571000000000001,0.2625,0.3295,0.066,0.4523,1.0,1.0,1.0,True,False,0.28447500000000003,1.0
text2cad,parametric,json,0061/00619989,True,0,2,0.0,0.25,,,,0.16666666666666666,0.16666666666666666,0.006628,0.33719999999999994,0.1823,0.3926,0.0594,0.5977,1.0,1.0,1.0,True,False,0.29414999999999997,1.0
text2cad,parametric,json,0022/00226013,True,0,2,0.0,0.25,,,,0.16666666666666666,0.16666666666666666,0.015953,0.0,0.0145,0.2773,0.0576,0.5501,1.0,1.0,1.0,True,False,0.15555000000000002,1.0
text2cad,parametric,json,0052/00523563,True,1,1,0.25,0.125,,,,0.16666666666666666,0.16666666666666666,0.007042,0.29580000000000006,0.2661,0.2156,0.0229,0.5411,1.0,1.0,1.0,True,False,0.28147500000000003,1.0
text2cad,parametric,json,0036/00361447,True,0,1,0.0,0.125,,,,0.08333333333333333,0.08333333333333333,0.014203,0.0,0.0319,0.261,0.0146,0.532,1.0,1.0,0.994505,True,False,0.144625,0.9981683333333334
text2cad,parametric,json,0070/00709862,True,0,1,0.0,0.125,,,,0.08333333333333333,0.08333333333333333,0.006564,0.3436,0.3655,0.4759,0.0523,0.5084,1.0,1.0,1.0,True,False,0.31745,1.0
text2cad,parametric,json,0054/00541109,True,0,1,0.0,0.125,,,,0.08333333333333333,0.08333333333333333,0.00758,0.242,0.0,0.2298,0.042,0.2906,1.0,1.0,1.0,False,True,0.14365,1.0
text2cad,parametric,json,0086/00866616,True,1,1,0.25,0.125,,,,0.16666666666666666,0.16666666666666666,0.002956,0.7044,0.095,0.5116,0.1539,0.5593,1.0,1.0,1.0,True,False,0.37815,1.0
text2cad,parametric,json,0027/00279318,True,1,2,0.25,0.25,,,,0.25,0.25,0.001583,0.8417,0.0782,0.6874,0.1266,0.508,1.0,1.0,0.97561,True,False,0.388625,0.99187
text2cad,parametric,json,0082/00827203,True,0,1,0.0,0.125,,,,0.08333333333333333,0.08333333333333333,0.007232,0.27680000000000005,0.0763,0.0745,0.0202,0.6489,1.0,1.0,1.0,True,False,0.25555,1.0
text2cad,parametric,json,0039/00391450,True,2,0,0.5,0.0,,,,0.16666666666666666,0.16666666666666666,0.011962,0.0,0.0611,0.265,0.0244,0.6306,1.0,1.0,1.0,True,False,0.17902500000000002,1.0
text2cad,parametric,json,0013/00135378,True,0,0,0.0,0.0,,,,0.0,0.0,0.001356,0.8644000000000001,0.2848,0.7167,0.0824,0.5734,1.0,1.0,1.0,True,False,0.45125000000000004,1.0
text2cad,parametric,json,0093/00934405,True,0,3,0.0,0.375,,,,0.25,0.25,0.002704,0.7296,0.0,0.6344,0.099,0.5407,1.0,1.0,1.0,False,True,0.342325,1.0
text2cad,parametric,json,0056/00568816,True,0,1,0.0,0.125,,,,0.08333333333333333,0.08333333333333333,0.003331,0.6669,0.1364,0.5366,0.0812,0.492,1.0,1.0,1.0,True,False,0.344125,1.0
text2cad,parametric,json,0072/00728052,True,0,2,0.0,0.25,,,,0.16666666666666666,0.16666666666666666,0.009783,0.021700000000000053,0.0968,0.3382,0.0319,0.4972,1.0,1.0,1.0,True,False,0.16190000000000002,1.0
text2cad,parametric,json,0021/00210983,True,0,2,0.0,0.25,,,,0.16666666666666666,0.16666666666666666,0.003243,0.6757,0.4406,0.4978,0.1014,0.6685,1.0,1.0,1.0,True,False,0.47154999999999997,1.0
text2cad,parametric,json,0046/00460772,True,0,0,0.0,0.0,,,,0.0,0.0,0.004007,0.5992999999999999,0.0868,0.466,0.1004,0.3762,1.0,1.0,1.0,True,False,0.29067499999999996,1.0
